100,99.3375,96.8833,96.8846,98.3665,97.0867,96.185,91.1794,88.908,88.4018,90.7137,92.1975,90.6701,89.9422,91.8619,92.6302,94.3136,96.4207,97.8948,97.7281,100.388,97.8686,93.5828,92.4035,93.2913,93.1375,92.8746,91.0539,90.5733,91.4742,90.16,93.3401,91.8758,89.1738,88.5413,90.3492,88.2131,86.6079,86.6304,87.8856,88.0435,87.2769,86.9507,86.6822,86.5734,89.9807,93.0144,93.185,89.5464,90.6315,92.3959,89.5667,89.7179,89.4642,86.253,82.9,85.1627,85.5196,85.0092,84.8902,86.4256,87.7028,87.6089,89.7749,92.8496,95.5089,95.2841,94.7383,95.521,97.6699,98.0404,97.5724,100.019,97.3417,94.2094,91.1975,92.3128,91.8142,93.1351,92.531,92.6226,92.2749,95.3504,96.0456,94.6603,93.8579,95.3162,91.0443,89.759,90.9476,91.6111,88.5959,87.8142,88.1465,90.4049,93.418,92.1345,93.2818,92.9951,91.9574,
100,100.049,104.67,106.279,106.722,103.794,104.585,108.252,107.268,106.492,102.259,102.516,102.841,105.108,105.05,105.08,105.468,102.705,103.976,104.854,102.448,103.592,101.151,98.2554,100.704,98.7014,90.712,88.8743,86.9278,86.3875,87.571,86.9563,90.1351,93.1294,94.0713,96.4856,96.6601,97.9983,99.3907,99.5792,101.261,100.721,99.8815,103.229,102.883,103.78,102.597,105.398,104.756,105.354,109.164,115.718,113.827,114.085,113.606,110.742,109.673,106.715,107.883,106.059,112.6,111.111,110.562,109.871,110.674,114.895,110.464,112.883,113.421,111.753,113.797,111.816,112.567,115.151,115.539,116.934,117.749,120.695,122.276,119.549,120.337,120.111,123.018,120.787,118.526,121.115,123.179,127.491,124.789,128.681,127.462,124.204,122.997,124.154,127.402,127.102,123.575,121.649,121.3,116.944,
100,101.511,99.3613,98.9999,99.9445,99.3686,99.0515,99.1324,98.0944,98.2181,99.0088,99.7726,101.702,103.616,104.217,104.483,101.242,101.454,99.7275,98.9986,101.309,96.721,96.298,99.5163,100.042,102.007,105.054,108.971,109.372,108.79,107.238,107.627,104.613,107.596,108.964,107.666,106.332,106.894,107.728,108.182,108.217,109.52,109.951,107.694,109.515,112.059,115.405,114.486,110.317,109.092,108.354,109.64,108.821,107.556,110.625,112.452,117.468,114.906,112.863,112.605,112.189,112.332,115.872,112.86,116.053,116.035,114.577,113.453,111.515,113.573,111.936,111.505,112.096,109.962,108.722,109.974,110.738,110.016,109.842,106.291,105.641,105.611,106.914,109.289,106.246,104.092,104.863,104.345,102.321,100.582,98.6227,96.2745,95.4159,95.4471,99.2717,98.9067,98.904,96.0273,98.5498,97.6949,
100,99.5314,97.7531,99.9192,99.3609,98.7845,98.4055,98.9843,98.4777,95.2755,97.1001,94.6558,92.5551,93.4865,93.3383,94.7512,93.7795,97.207,93.7863,96.8031,96.1684,96.8708,99.5751,99.3671,99.456,93.7066,95.8091,95.3378,95.9429,91.7197,90.7918,91.3879,90.6991,89.6565,91.2935,93.7575,89.2631,89.2851,88.7195,88.8438,88.697,88.4001,87.8736,85.9971,91.2871,90.0276,90.1364,88.3179,87.4458,87.6367,87.93,82.9176,83.2457,85.6043,80.9996,81.3314,81.4301,82.416,82.4129,81.6481,80.7819,79.0627,77.4283,77.4547,79.2054,78.9554,79.6403,80.5288,80.5965,81.6332,82.7131,82.0256,81.8973,83.5549,83.1945,84.3851,84.0275,81.2835,79.0458,79.2702,79.0159,80.792,83.3509,82.5458,81.6014,79.5095,77.1493,79.4411,77.9952,76.9448,76.6008,76.9949,76.9494,75.9632,75.9858,74.1531,75.3662,74.0656,75.2727,75.3617,
100,100.77,102.036,102.382,100.295,101.267,97.8759,96.6359,95.5713,94.0656,96.9264,96.8439,97.239,93.0162,89.2643,91.1555,90.0627,89.1126,89.2687,92.1875,90.9683,89.3031,87.8308,87.3711,85.9427,87.7761,86.3459,82.9437,83.1513,82.2815,83.2194,83.7854,84.3694,82.1933,80.4251,79.953,79.663,78.7878,78.8239,78.4828,81.0666,78.5869,77.4297,75.8265,73.8655,74.0292,75.8742,76.8608,76.9753,77.1459,76.2262,73.4397,73.432,73.2655,76.0884,76.1541,72.3484,71.5643,68.8816,68.5351,67.1038,67.172,67.1528,68.2824,70.4109,70.6001,72.1939,72.6571,69.9312,69.0518,69.7157,68.5616,69.756,70.0944,68.1634,68.3352,67.5547,66.7117,67.9682,66.7386,66.2272,65.5192,64.0555,61.832,63.6029,66.2097,65.6592,67.0522,67.4985,66.5274,68.1159,68.7655,69.9204,69.0695,70.156,70.4359,70.7094,70.8446,70.2761,68.4213,
100,100.14,100.877,102.298,101.616,101.574,100.699,102.109,103.388,104.561,103.286,99.6446,98.2661,100.21,100.115,100.264,102.697,98.703,99.6106,100.42,105.711,104.986,106.072,104.312,108.336,104.502,101.178,105.727,108.161,105.282,107.383,107.787,109.51,107.549,107.856,110.008,112.329,114.766,115.475,119.35,120.179,121.949,124.256,124.196,124.629,128.112,126.388,126.494,126.283,125.683,121.255,119.27,123.928,128.038,128.347,128.703,125.038,124.26,124.127,125.654,123.242,128.463,128.988,130.626,128.995,132.73,133.066,131.302,130.159,127.814,130.055,131.016,130.229,129.78,128.19,124.664,125.557,125.74,124.69,126.824,127.518,130.941,134.884,132.77,132.31,134.288,127.715,124.377,121.541,121.158,120.864,122.507,121.702,125.562,126.43,127.976,128.278,131.931,131.189,132.226,
100,100.503,100.213,97.7086,98.5335,101.224,101.312,99.7603,99.0493,98.1682,101.144,104.262,108.259,109.113,107.344,106.538,102.049,102.011,101.644,103.615,101.45,103.849,105.031,101.818,99.6917,99.8985,99.8461,99.2976,101.704,102.432,102.464,105.446,102.765,101.772,101.941,101.526,103.538,106.942,108.133,108.366,109.331,111.442,115.173,118.938,117.852,118.294,119.883,116.923,116.751,115.927,115.48,113.725,112.376,114.34,113.242,110.06,113.355,115.555,113.109,114.357,114.728,112.947,111.65,111.495,108.168,109.192,106.877,104.799,103.171,102.397,100.154,102.996,104.103,100.716,98.1011,97.4715,94.7906,96.2337,94.9331,97.1382,98.5578,98.2527,97.7159,99.8856,98.6998,97.5416,94.6561,92.0499,93.641,91.2179,90.4547,89.3675,90.4286,92.7246,92.9849,92.3032,91.0673,92.8922,91.0231,89.0009,
100,101.44,102.809,102.24,103.216,102.799,99.2538,99.5147,99.3058,93.0881,93.4107,92.2931,90.121,91.3292,91.0251,92.7453,92.394,90.8806,88.5682,89.3531,93.0909,92.6415,91.7075,90.5126,92.0484,91.6177,88.9509,88.407,88.4256,86.7633,86.2044,85.2464,85.574,82.9943,82.9943,82.4491,83.488,84.1957,86.2738,84.6093,83.5129,84.1755,86.5735,88.6299,89.2781,89.8525,90.1302,90.8045,92.6419,91.363,91.3909,88.6033,86.9953,85.9863,85.2679,86.6787,88.0854,86.5482,85.6333,91.4615,90.3761,88.0772,86.2596,89.0641,89.6736,91.2916,91.0345,89.5766,89.6874,91.4313,90.32,92.4174,93.063,93.624,93.5026,92.9893,89.9531,88.9098,88.2658,90.1873,90.1067,90.5484,91.4278,89.571,87.9686,89.4046,87.492,86.2921,87.051,85.015,84.9496,85.9895,86.2557,88.225,89.6386,87.8317,87.3989,87.0801,86.9414,87.2298,
100,100.672,100.527,99.3677,99.0574,101.111,99.3016,99.1638,99.3449,97.3178,93.4114,94.2413,92.4235,93.578,95.2805,97.0612,96.3999,98.4866,100.047,101.301,102.853,103.151,105.715,104.851,106.129,104.176,107.054,107.099,107.489,103.993,103.273,102.063,102.686,104.452,101.536,101.534,102.167,102.515,104.037,105.172,108.055,108.152,110.448,109.984,111.537,109.494,107.494,106.389,105.326,102.545,107.09,109.401,109.282,110.518,111.618,109.419,111.546,111.478,112.176,110.93,113.107,111.572,112.355,110.059,110.239,111.308,110.569,110.879,108.894,106.017,104.838,102.693,98.8116,96.5368,96.6986,98.8968,95.8922,95.6942,96.8854,92.8511,90.9242,92.8842,88.6754,85.9048,85.2679,86.089,87.5707,86.2488,87.344,85.7487,87.4714,86.4908,83.6139,84.8154,84.292,85.6447,85.6317,83.7492,84.598,86.9094,
100,100.525,99.9183,102.25,102.204,101.068,101.671,103.057,101.744,98.99,99.4172,97.0722,96.4042,96.543,98.7741,98.1347,94.273,90.8769,90.0682,91.0444,92.981,89.1834,85.6613,88.0606,88.0677,87.126,87.257,87.6832,85.6651,87.6725,88.647,84.8543,84.7759,86.0622,86.9934,87.3177,88.5071,89.3886,91.0525,91.5256,91.2298,94.1706,97.2093,96.4541,93.7965,92.9948,96.8486,96.9539,95.1075,96.4363,99.5136,97.9325,99.2056,98.0152,101.657,102.641,104.975,104.046,100.964,106.635,110.677,116.795,118.319,118,116.959,119.024,120.545,116.195,121.481,119.492,119.569,122.048,122.31,121.507,123.094,124.457,127.179,127.812,126.987,130.869,132.27,131.621,127.525,124.287,120.614,120.21,121.843,115.432,114.861,114.949,115.5,120.712,121.53,123.657,128.893,126.373,125.607,127.662,124.806,127.823,
100,100.423,100.758,98.223,97.717,96.3488,98.0586,98.0054,94.4816,92.4358,92.0342,93.5743,93.6823,91.6331,92.5961,92.8849,90.2416,89.3912,88.0555,89.7201,88.4971,90.1715,90.583,90.3707,89.9418,88.6059,91.4019,93.3687,91.6375,92.1464,91.3633,89.5475,90.7278,88.7516,89.2246,87.4156,90.6595,90.4677,92.4078,91.8928,95.7877,97.9235,102.262,102.486,102.664,104.851,104.816,106.284,106.306,104.316,104.576,105.37,103.746,103.874,102.987,101.9,103.333,108.921,106.823,104.848,103.667,104.519,103.958,106.529,110.431,112.565,114.137,110.878,110.851,110.19,109.263,110.953,112.385,115.057,116.568,118.857,123.35,127.536,124.265,123.984,122.864,118.898,121.766,123.033,123.305,125.978,124.025,124.077,128.927,128.138,134.617,133.734,137.022,138.319,138.346,145.645,146.185,148.601,152.041,149.392,
100,99.0057,101.124,102.421,103.528,104.05,106.449,105.202,106.532,105.121,103.991,100.685,95.9623,94.1276,91.0848,89.0532,86.2377,85.0158,83.8305,83.7135,82.475,82.4501,84.8367,86.1345,88.697,87.8886,88.2617,87.9464,87.9759,87.3367,86.0337,86.1025,88.7823,91.1243,92.4794,92.5215,95.0501,93.9594,93.6677,91.4299,90.3072,91.1043,88.9523,90.1071,90.0469,89.4922,89.7355,87.8781,83.6814,84.4886,85.6982,86.7655,87.6287,88.5269,87.9637,85.8023,86.8619,86.1483,83.3183,81.9489,82.9547,84.4463,85.4282,84.2831,83.6831,82.0898,83.0778,85.1876,86.7241,88.6169,90.605,93.8987,97.82,99.8353,99.7732,99.4715,96.5105,100.493,98.4759,101.798,98.0919,98.0372,98.5355,100.446,99.6626,101.147,101.544,101.533,105.332,105.383,104.024,101.527,102.332,101.894,102.165,99.4701,98.2272,99.2852,100.378,99.7698,
100,100.329,99.1163,97.5719,98.5694,97.6053,100.302,100.021,102.804,102.614,102.808,104.18,103.259,104.133,102.961,103.571,102.645,101.147,102.978,103.427,105.872,105.91,107.721,110.568,106.372,106.326,105.441,103.435,101.976,105.271,106.242,105.977,108.852,108.963,106.868,110.197,112.24,111.122,117.074,115.824,115.398,113.614,109.534,108.398,108.475,105.236,105.233,100.961,103.231,102.12,99.9972,99.0296,96.5725,94.1418,96.9578,94.487,92.4417,94.7712,93.7805,92.878,91.739,91.9779,92.526,89.7259,89.7314,90.2789,90.3362,91.5138,90.5804,92.499,91.4705,91.2782,91.6565,92.1687,94.3119,91.5558,91.6935,91.133,92.7975,92.9072,93.6512,92.5233,91.0716,90.9311,91.0173,90.2668,88.9177,87.9439,90.1298,89.7508,88.8517,90.2599,92.609,94.1737,96.1468,97.8422,98.3156,96.2557,95.2727,93.0177,
100,97.934,98.9279,98.7705,96.2558,99.719,99.1057,100.019,102.472,101.329,100.002,101.525,100.771,98.4422,97.2731,94.811,94.6383,95.6943,95.9171,95.0784,98.6818,99.9174,102.229,101.172,101.584,101.154,101.522,102.892,102.964,102.188,102.421,104.284,104.773,103.877,104.359,103.346,105.516,107.033,103.791,104.044,105.11,107.133,108.341,110.797,110.479,109.549,109.005,111.73,109.996,107.064,105.582,107.329,112.27,112.535,109.37,113.52,114.439,118.724,117.903,117.457,118.282,119.863,120.041,116.908,119.338,122.177,125.326,125.702,126.742,125.049,126.315,128.28,126.715,122.094,124.045,125.362,123.884,121.409,125.067,124.599,126.76,126.716,124.489,129.155,131.401,128.929,130.739,131.994,132.845,134.731,139.339,135.627,139.598,134.739,130.66,128.093,126.339,125.289,128.764,128.915,
100,98.7197,100.234,101.064,98.752,96.5775,96.4075,95.7893,97.6169,95.692,94.7172,95.1509,94.6589,91.9352,93.8541,95.4679,93.0066,91.4128,89.3794,91.5547,91.5044,91.2189,91.4204,93.8087,94.0813,91.6873,91.2202,93.4067,92.2562,91.611,90.0445,89.1178,87.9693,88.7358,87.5789,87.6368,87.6703,87.8156,87.6119,90.0125,87.6005,87.0323,85.0981,83.1069,83.3602,86.5622,89.2253,87.4538,87.1693,85.7157,84.1059,86.6293,84.522,82.2997,83.3184,83.5055,84.9856,82.3395,82.6479,83.5819,83.5532,86.4693,89.128,91.6092,89.4101,89.0996,92.0659,94.4825,96.296,94.4465,94.7476,95.1065,96.5612,92.1599,91.5591,92.6523,93.822,96.3997,94.008,93.1568,95.7353,96.7269,93.4619,95.7151,94.4261,94.8574,96.7607,97.8343,100.845,104.556,103.456,103.734,101.619,102.457,101.478,103.45,103.751,105.141,104.11,102.628,
100,101.776,97.311,96.8961,95.1408,91.7587,90.9823,90.2951,90.171,88.6038,86.3151,85.1318,87.4506,89.0856,85.6233,85.3964,83.3709,83.2794,86.5672,86.3653,87.3463,86.0468,87.2279,87.1213,87.4372,86.3723,85.9013,84.7839,85.63,82.6506,79.1838,79.4933,83.1182,84.9591,86.7645,89.8624,90.0807,93.4976,94.0314,93.7829,94.9718,97.3231,95.6426,92.0839,94.0557,90.0931,90.5364,92.5314,96.1028,98.5481,102.085,102.702,100.991,99.0121,95.5916,94.6334,96.1002,98.4069,99.5968,99.4581,99.3675,98.235,97.2739,97.6741,99.5594,98.033,99.9046,102.378,100.312,99.7678,99.4734,100.597,97.3555,97.4168,96.8863,93.8385,96.0928,95.3765,94.3959,94.0786,97.1309,97.276,94.824,92.9376,90.1375,89.3576,88.6173,87.2418,86.5223,84.2003,86.5119,85.2788,84.4334,84.5609,86.3696,88.11,88.1428,86.9319,84.3619,81.8388,
100,99.2826,99.1421,98.864,100.376,100.715,101.601,99.0662,103.924,105.253,104.896,109.545,106.673,103.905,105.238,107.521,105.547,110.194,114.164,112.735,112.387,115.339,110.464,108.917,111.481,114.54,115.056,117.308,119.994,115.645,114.465,114.218,110.375,117.782,119.558,120.945,124.545,120.927,123.619,123.66,127.541,125.168,124.257,122.999,123.03,121.541,121.733,119.39,117.74,120.074,119.563,118.722,116.445,115.214,115.05,113.239,112.55,114.415,111.352,110.281,112.523,112.227,112.586,112.753,109.35,112.325,113.94,109.474,108.437,107.617,107.259,102.378,102.625,102.707,103.245,106.166,105.749,104.61,99.8925,101.94,100.961,101.102,102.402,102.1,105.696,105.089,106.147,108.228,107.192,109.097,110.272,108.207,106.155,103.982,102.849,103.934,99.8306,102.293,101.395,102.777,
100,104.656,102.023,100.398,99.1495,96.5392,95.0257,91.6229,91.9054,92.436,93.1962,95.6389,97.2226,101.019,95.6047,94.9447,95.4253,96.28,95.1549,93.0278,94.9856,98.0012,98.0584,99.6349,98.2927,97.8716,96.3638,98.6716,98.2044,99.1012,102.767,102.021,104.064,103.158,98.4443,100.243,99.8711,98.816,98.0463,100.286,101.889,105.222,103.561,102.146,102.683,102.711,106.447,103.495,103.487,106.65,104.435,103.415,102.586,102.291,101.353,103.004,101.293,100.788,100.714,105.554,106.404,101.363,100.684,100.737,103.057,105.256,106.214,102.022,105.562,107.794,106.029,103.411,102.533,103.003,100.072,101.76,101.06,103.094,99.2199,100.789,99.532,98.9105,103.245,102.267,106.725,106.673,107.459,106.467,106.068,109.065,108.272,108.805,105.948,107.129,108.342,107.584,109.508,105.215,105.924,102.156,
100,99.8385,99.359,99.2559,102.01,102.651,101.705,103.362,102.735,107.723,107.766,108.637,106.47,104.314,104.593,107.416,114.137,116.228,115.296,113.562,114.087,116.058,116.407,118.302,113.979,110.064,112.358,111.62,112.391,112.354,113.312,112.216,112.707,111.777,111.692,110.438,109.212,111.903,110.685,111.41,109.29,109,106.252,106.927,109.819,105.614,108.747,102.595,101.556,98.0891,94.2548,92.7426,91.0415,91.6588,91.8708,87.4152,85.4124,86.0545,85.0596,84.9405,85.1151,87.0929,86.2224,90.1125,90.9737,92.3581,95.345,96.1372,98.5613,100.448,98.1414,96.684,97.9817,100.113,99.5103,100.705,102.426,106.078,105.395,106.209,105.653,103.106,105.377,108.504,108.988,107.054,104.907,107.393,106.469,108.173,107.472,106.943,107.153,105.911,105.205,105.497,101.93,102.178,101.52,100.884,
100,103.172,101.517,101.724,100.001,97.998,102.293,102.343,105.019,103.55,100.819,101.269,103.261,103.457,105.05,105.443,105.343,103.808,104.226,101.988,102.127,101.008,102.807,104.758,106.186,110.07,113.075,117.168,115.57,116.301,116.368,112.182,112.383,111.397,110.957,109.173,107.171,107.815,102.63,103.146,105.283,102.054,103.237,104.97,105.992,107.028,102.024,104.079,107.623,109.999,106.944,106.262,105.176,108.038,109.606,112.864,112.261,109.258,111.306,108.76,111,113.892,112.276,115.94,119.927,119.332,118.487,119.414,120.225,122.284,122.699,125.224,125.335,123.845,128.211,126.674,124.178,124.257,127.945,124.278,121.833,125.384,127.714,123.222,123.166,123.743,120.804,120.117,119.989,124.596,125.651,126.944,125.047,121.288,119.338,118.155,116.136,117.734,116.873,115.105,
100,97.8053,98.2455,96.2114,95.7728,96.4667,98.3752,103.981,103.138,102.416,99.2095,96.7135,96.3926,98.3075,101.774,103.713,102.092,103.035,101.952,105.614,106.172,104.717,107.522,103.327,101.476,103.475,100.924,99.9189,97.8641,98.5677,97.6812,98.7433,99.7581,99.2917,99.5736,98.9234,102.545,100.197,102.336,100.075,104.08,104.675,102.097,103.745,102.314,105.067,104.834,107.082,108.201,105.727,109.834,108.6,106.614,107.114,103.521,102.827,102.574,99.6626,100.186,101.314,100.178,100.938,100.946,100.972,101.688,103.398,101.104,99.7187,102.83,103.999,102.056,105.505,107.525,106.191,106.341,107.6,108.857,108.359,108.461,110.941,111.502,109.646,110.308,112.008,111.562,113.395,117.387,119.438,122.128,116.524,110.129,112.144,111.842,112.526,110.519,110.168,109.119,104.864,105.392,100.463,
100,99.2028,104.382,103.23,105.554,106,106.923,106.948,109.299,109.135,108.405,108.457,107.523,109.216,111.346,110.471,113.184,111.742,110.819,108.492,110.931,113.867,112.31,107.328,105.377,102.216,103.199,106.407,104.902,99.4778,100.522,104.554,104.101,108.614,112.277,112.696,113.664,111.822,112.008,111.977,110.718,114.224,114.617,112.406,113.049,115.339,114.001,112.873,114.727,113.689,115.652,118.325,120.37,120.152,120.115,117.804,120.47,121.402,119.248,116.885,116.135,116.206,114.698,115.255,113.824,115.85,113.875,112.769,110.768,111.778,111.116,111.694,111.009,113.445,112.416,112.031,108.01,109.095,112.977,116.086,117.481,117.698,121.07,120.792,123.704,120.354,121.824,122.333,121.543,118.003,119.61,121.2,125.106,123.995,123.519,123.019,125.122,123.839,122.198,125.618,
100,101.704,99.6194,100.864,103.421,105.107,103.833,101.164,101.928,104.05,106.167,109.304,108.642,103.68,99.5454,98.8422,100.763,103.429,103.403,104.638,108.801,113.718,110.918,111.69,108.749,104.792,103.458,101.075,105.84,108.213,105.573,103.76,106.36,104.427,107.778,106.952,107.991,109.296,107.234,103.512,102.256,99.5384,101.226,100.147,103.642,100.399,99.291,99.0075,98.0605,100.162,102.957,104.8,105.893,106.423,108.918,109.402,107.558,110.12,109.577,113.315,114.073,114.448,116.484,114.543,116.698,114.459,111.385,106.93,107.158,107.77,110.908,108.93,110.534,104.804,99.5964,97.7057,96.2612,96.239,95.4352,95.5325,90.8098,90.1463,89.2291,89.9685,92.065,89.4517,88.1824,86.9576,86.684,86.0328,87.0854,84.7111,86.6434,89.803,90.8855,92.6359,89.6759,90.4679,86.5898,86.6326,
100,99.7625,100.147,101.055,104.435,105.222,107.713,109.741,113.719,115.872,116.251,120.398,119.384,121.819,122.796,124.113,124.789,124.73,125.983,126.427,121.711,120.76,117.447,116.765,118.139,115.753,115.92,115.866,121.627,124.14,125.604,123.704,122.886,124.036,125.359,128.993,125.768,124.613,123.474,122.409,122.53,120.916,121.257,122.613,122.952,125.06,124.577,120.771,121.407,120.584,125.955,129.904,130.558,132.543,132.715,136.981,136.075,140.412,137.888,142.535,145.74,149.567,151.12,156.148,156.322,154.294,152.321,151.237,154.738,154.334,155.472,155.935,152.526,156.198,154.874,158.681,158.341,157.935,160.083,156.422,156.729,155.883,155.437,151.02,147.161,146.31,148.49,150.603,147.795,148.344,151.587,148.882,151.73,153.15,149.207,151.876,147.355,152.263,151.044,153.098,
100,100.659,98.1551,98.7754,99.9385,101.334,99.8362,101.464,103.214,104.642,103.373,105.969,100.793,100.216,102.754,100.014,104.029,106.301,108.409,106.633,108.472,107.004,107.784,102.392,100.142,102.294,105.574,103.946,103.106,105.407,105.231,106.134,106.049,108.276,107.074,103.058,100.824,104.625,105.791,101.916,99.4235,103.752,101.958,102.359,97.6349,93.8243,96.1291,94.6436,94.9705,92.8057,92.2351,91.8501,89.3401,91.3784,92.6992,93.6655,92.9974,95.0149,95.0736,94.5197,92.008,93.9687,94.4048,95.8177,95.0417,94.4751,94.6676,94.938,93.1876,92.5441,94.0603,94.5572,90.1853,92.0358,92.0255,93.4895,93.9665,96.8712,95.1303,94.5488,95.8557,96.0885,96.7743,98.5281,100.352,102.677,100.442,102.064,102.666,104.709,107.279,108.001,106.556,105.179,106.721,103.046,103.131,101.007,98.7723,98.5842,
100,98.8035,95.6083,93.3975,94.0629,95.9879,91.9091,94.9831,92.7391,91.4671,96.2123,96.4296,96.6831,94.9301,95.6698,97.919,98.0526,93.8734,95.4836,95.9498,98.7462,101.054,94.3665,96.8248,96.5435,97.6479,99.2275,100.429,98.6216,99.0454,97.035,97.9426,96.4793,97.9871,102.131,99.5884,101.381,100.055,101.814,102.016,105.037,106.01,105.408,108.693,111.527,114.058,117.356,111.131,113.711,113.5,113.878,113.368,112.478,113.257,113.164,113.095,111.37,111.756,115.686,109.717,107.945,108.517,107.541,107.585,110.603,108.777,104.77,101.678,100.226,98.8373,94.5878,93.564,94.5887,94.025,93.34,92.799,92.3581,91.2538,92.9485,92.2663,92.1531,89.8422,88.119,91.6223,89.6551,89.886,86.3564,84.3461,83.5264,83.8867,85.5864,88.3426,90.1141,88.0526,91.1469,92.3115,93.15,91.534,91.3249,93.7426,
100,99.3251,98.3089,96.376,97.2786,96.8902,96.8619,93.819,91.4237,86.3024,85.1756,86.0298,86.6907,89.8242,93.9627,96.136,93.6429,95.3509,95.6489,98.159,98.9893,96.0848,96.488,99.2285,99.1842,96.2654,95.1332,94.6688,93.3991,90.1831,89.6334,90.3225,87.7852,84.721,82.9904,85.1691,87.0532,85.8613,86.0957,85.1241,82.8507,82.18,81.255,80.7318,81.0352,77.9361,74.1005,72.7673,71.357,71.4399,72.3171,71.7227,72.8349,70.831,72.025,74.3699,74.949,74.306,71.7335,73.5547,74.9849,74.1035,77.1636,77.3187,76.8217,74.1892,74.1377,74.3096,75.6908,75.766,76.0193,76.6062,75.2242,75.8144,77.6283,76.954,81.5786,83.8818,82.6825,80.6256,82.4369,84.781,87.9886,87.2999,90.5115,90.6573,90.2397,90.3411,90.8902,89.5564,89.2479,85.9253,82.9965,82.6955,80.4505,82.1307,81.1948,79.3427,79.7326,79.6947,
100,97.8631,99.7413,99.7346,100.152,99.0656,94.9053,93.0436,92.3684,92.5901,94.6395,90.872,89.7902,90.2825,92.0743,95.3417,96.8666,97.3968,101.728,100.666,100.037,98.9602,101.174,99.537,99.2512,98.299,96.3851,94.6386,97.8578,100.496,97.1643,93.6283,88.735,90.2329,91.6966,93.8533,92.549,92.2227,94.122,96.1915,94.2371,97.0876,96.6976,97.3312,97.0773,94.5941,95.2568,96.9918,95.5991,94.1956,91.9525,94.4555,94.7945,93.0595,94.2117,94.2564,96.8144,97.3628,101.054,99.5352,98.0995,100.89,103.124,105.824,104.776,107.091,108.362,108.94,105.724,106.204,103.947,105.075,103.841,103.219,103.71,102.399,99.7648,98.6008,99.34,98.94,98.3008,100.123,102.386,103.798,101.363,101.736,100.648,100.53,102.972,103.109,102.748,106.299,106.646,106.309,103.522,105.917,107.078,110.648,110.953,111.671,
100,99.9008,98.5495,100.162,100.268,97.5716,95.2042,96.1111,95.1049,96.5432,93.5281,90.6373,88.8718,90.2735,90.5777,88.2495,87.9239,92.4868,90.8907,87.0412,86.9362,85.7939,83.9867,84.797,84.8009,83.8066,83.2348,85.4546,88.928,85.4294,84.5828,81.4888,79.2962,79.0001,77.0157,78.1789,78.6034,77.8568,80.4882,83.347,83.9279,84.1044,81.5104,83.4517,85.8395,85.7123,86.8264,84.291,83.2355,83.9781,83.6544,80.3448,81.3765,83.2131,83.1009,82.8032,83.5156,85.2096,86.5681,89.2561,90.6893,90.6172,92.5241,90.5266,91.3268,92.9919,90.3659,89.8079,92.4765,91.2339,90.7665,93.9953,94.4237,94.6556,95.865,95.0762,95.4422,97.6161,98.0286,99.1616,101.789,100.467,97.6545,97.8607,97.5913,96.2827,94.9393,91.1377,89.28,90.1143,88.8785,88.4164,88.3934,87.0332,89.6316,89.325,92.2609,93.0052,91.7437,92.4365,
100,100.084,99.6937,97.9701,101.669,101.565,100.971,98.1506,94.9094,97.3446,98.3251,98.3965,96.8459,95.3597,94.0372,92.7583,93.2779,93.242,96.0857,94.694,97.178,95.9219,95.2094,94.8453,92.3471,93.2318,90.5589,91.7,91.232,91.2278,93.2239,92.7942,87.6328,88.2011,84.5602,83.5678,81.0979,83.2784,82.3233,81.3904,79.5679,81.7223,82.3242,80.3419,79.8802,78.9162,78.1709,77.1536,74.9338,76.2697,77.854,77.7587,79.6673,77.3915,77.7473,76.5319,78.365,77.5504,81.0693,79.7069,80.895,81.8913,83.2476,81.4688,79.323,77.9819,79.1288,80.9019,82.9339,84.1053,83.7296,81.1774,80.7269,79.3241,77.9659,77.1512,80.5353,81.6593,81.4273,80.1062,80.1608,79.3633,76.6004,74.6016,74.146,74.7479,74.261,72.9475,73.8089,72.3422,70.2642,69.4501,69.0084,68.7473,68.4719,67.7136,68.914,70.2876,69.304,68.9248,
100,95.3519,98.1032,99.2279,100.916,99.9425,97.3788,99.9327,101.184,107.509,112.235,115.346,113.854,109.402,113.145,115.134,118.029,117.993,120.028,118.655,118.569,118.369,116.5,116.79,116.142,120.025,120.697,117.907,116.021,116.506,117.509,121.443,118.288,117.294,119.204,119.665,120.418,123.973,122.256,123.22,125.303,125.198,125.763,125.815,126.537,125.434,127.747,129.798,128.783,125.336,123.879,126.517,122.077,126.331,128.116,125.633,127.607,128.129,128.468,127.349,124.71,123.576,124.575,124.137,123.896,119.721,120.75,120.588,120.821,119.263,121.556,122.811,125.591,122.697,126.438,130.491,129.721,127.949,124.948,129.737,129.622,124.102,121.245,118.956,120.337,120.473,114.206,113.599,111.84,110.039,110.686,112.363,111.655,111.358,111.323,113.776,113.368,113.184,112.734,112.293,
100,97.4607,95.5865,95.4434,95.568,97.1109,99.627,99.5525,98.4956,98.8146,95.6031,95.7432,95.2233,92.3496,90.7066,91.0646,89.5835,89.9495,90.25,91.7138,89.4924,91.8294,95.5072,91.4577,91.1805,90.9853,93.2121,91.9938,90.5287,90.5233,91.4622,91.7121,90.5192,90.4345,91.9636,91.6824,91.6995,90,88.6826,88.333,87.2046,87.9777,85.3846,83.8838,81.1376,79.4714,80.4314,82.9743,84.6773,83.4606,85.5245,85.89,87.9717,84.8853,82.3963,82.795,81.7495,83.1985,81.3567,83.1149,84.464,87.4372,86.2533,86.2368,86.8879,83.819,79.9861,78.6752,78.7935,80.7998,82.9286,80.7157,79.9391,80.4614,82.1081,84.1515,87.5519,88.6143,89.2415,86.3161,87.6258,85.1284,85.2398,85.538,86.0398,85.8219,84.8243,84.212,85.0193,80.5572,82.8707,84.3831,83.4396,81.6017,81.066,82.1516,83.0207,80.692,82.3837,84.2371,
100,101.377,103.823,99.7648,98.4043,98.0794,99.7557,100.968,101.591,103.105,104.929,105.265,101.371,100.429,101.705,99.5219,96.9327,94.3621,92.0096,93.1331,94.7908,93.4746,95.4254,95.1966,94.7036,97.4373,97.2531,95.9933,95.4932,97.3168,97.9619,98.3625,98.464,100.618,96.9018,99.9059,100.333,100.734,97.4251,98.0514,99.2158,100.463,99.1082,97.3935,98.2619,97.6105,99.4098,99.5974,98.6379,99.0842,100.23,99.1991,97.9429,97.36,99.3421,95.0016,95.2259,97.905,102.103,100.833,100.892,101.129,98.9306,98.4881,99.9946,98.3615,93.3769,93.2145,93.3815,90.8848,92.1198,93.5247,95.1617,93.8248,91.5852,94.2677,93.8339,91.7818,90.4228,89.5341,93.1517,91.3383,90.9548,93.8936,92.1238,92.3257,91.4176,91.9289,91.5624,87.5746,83.9926,83.4764,82.2061,83.3126,84.1406,85.8083,85.8987,86.942,88.6365,89.3371,
100,102.898,103.338,102.32,100.918,99.8922,101.675,100.913,98.4138,97.4303,100.014,103.349,107.563,111.479,113.051,115.291,112.5,112.174,109.746,109.506,109.154,106.087,109.508,112.627,111.197,110.306,108.687,105.616,106.002,106.644,108.958,112.839,113.595,114.116,120.067,120.511,123.975,121.965,122.854,119.1,116.18,113.642,113.685,115.935,117.88,120.262,116.803,113.043,113.246,113.234,112.001,116.29,116.335,119.567,119.073,117.752,115.714,115.615,108.905,110.995,114.787,115.847,117.529,111.616,113.534,117.381,113.043,111.269,113.72,113.048,111.807,112.164,117.335,110.353,111.892,112.349,110.553,107.044,109.685,111.511,107.727,107.363,109.881,107.055,107.809,105.884,106.532,103.346,102.766,101.187,101.002,99.3144,96.7296,97.2511,96.1773,97.6885,98.3271,98.7471,99.9755,95.0562,
100,98.5568,102.604,101.369,101.697,102.421,104.612,101.628,99.1079,97.9732,100.8,101.977,100.46,104.821,104.207,104.096,103.839,102.957,100.759,102.388,100.05,103.709,103.879,104.219,107.254,111.24,113.992,112.581,110.804,110.422,110.852,113.793,111.232,113.018,112.923,116.44,118.342,114.116,110.516,111.013,109.239,105.126,100.761,100.884,99.2381,103.516,105.631,106.55,108.012,109.263,104.533,104.366,106.563,106.299,109.001,105.996,106.935,105.194,105.883,107.829,105.143,107.185,105.565,104.652,108.444,105.76,104.601,102.044,102.233,99.1888,96.1934,95.1257,95.9701,95.6314,96.7509,101.058,100.72,102.003,101.289,101.321,101.092,101.759,99.5014,102.165,103.099,98.4616,100.012,105.112,105.846,105.237,106.034,104.287,108.365,111.603,110.362,109.154,113.601,116.11,113.906,115.058,
100,103.262,105.486,105.437,107.773,109.083,109.569,110.489,113.734,113.553,111.32,111.271,107.78,112.906,110.706,108.932,108.995,114.211,119.363,120.179,118.007,124.086,123.737,120.225,122.681,122.774,124.32,126.204,127.915,127.663,127.162,124.844,125.014,125.496,124.216,122.649,122.515,126.8,128.522,126.819,122.279,119.1,117.999,116.177,117.832,119.204,118.946,115.777,118.26,122.776,122.976,119.502,118.285,122.088,120.439,121.322,121.796,123.74,123.154,126.411,126.626,127.521,125.566,127.358,130.564,127.109,130.586,130.165,135.671,137.596,138.873,135.258,135.257,134.014,132.224,137.572,133.619,129.404,129.241,128.201,127.107,127.566,130.138,129.955,134.893,132.699,133.622,134.974,130.271,130.762,126.615,123.937,127.013,130.321,130.264,131.245,133.665,134.829,134.016,135.293,
100,99.4479,99.5972,98.9588,101.278,98.1739,96.0495,94.6252,93.9512,94.5999,91.7976,91.4541,92.0141,89.5397,87.7863,88.7502,90.1613,93.6339,94.3494,93.8931,97.7113,96.0317,96.4348,96.5664,96.9859,98.4537,100.686,103.582,105.369,107.104,106.709,107.061,107.347,108.85,107.692,107.653,111.759,111.788,112.997,109.808,111.432,113.821,113.334,108.771,113.529,108.907,109.831,112.488,109.342,113.386,112.778,112.933,113.519,115.536,113.727,112.567,110.158,112.583,111.981,112.045,115.428,112.926,111.342,109.853,109.804,114.584,114.551,114.756,115.776,117.597,118.394,122.389,118.106,117.873,121.109,123.549,125.733,125.873,127.97,125.153,126.919,125.835,127.467,125.922,127.559,123.869,128.125,128.306,131.989,134.763,134.565,135.397,137.904,139.724,136.841,131.883,131.349,130.007,130.938,134.515,
100,103.501,101.268,99.0788,97.9698,94.9118,95.8485,96.1289,94.5061,93.9917,94.9015,96.5156,95.9717,96.5617,95.5787,96.1333,97.9658,95.912,99.7139,97.9759,97.6969,95.6882,91.9395,90.8908,92.4406,92.583,91.6306,88.5432,86.0453,84.234,83.6217,84.9443,87.1851,83.6834,84.0816,85.2889,83.3478,83.0136,82.382,81.416,82.592,83.4593,82.7761,82.5435,81.5313,79.8649,79.4294,76.4315,73.9023,73.3759,72.5317,72.6419,73.1828,72.921,70.6493,70.5685,71.9027,72.1849,72.5748,71.5088,71.599,70.6669,71.1049,71.7034,71.7061,70.4645,68.7075,70.108,68.2599,71.8419,72.696,77.0922,79.5223,77.3902,78.4843,76.9386,77.4813,77.234,77.7297,77.0489,76.9661,78.1696,80.0488,80.7793,81.1748,79.0034,78.3522,77.5091,76.984,75.3996,77.4528,77.0159,79.1332,80.5164,79.5831,79.96,81.3771,81.6062,83.6802,84.5358,
100,101.122,96.9208,97.179,95.7676,94.0723,96.8114,96.1083,98.8783,96.0437,98.873,97.077,100.559,103.45,103.903,105.717,103.865,108.932,109.528,105.781,105.732,107.196,104.568,105.239,103.126,99.4318,97.2683,96.8329,100.347,99.7461,100.632,101.442,105.636,104.664,105.736,107.319,107.656,107.289,105.22,102.163,101.049,103.134,100.579,102.158,103.791,100.347,99.9791,97.0784,98.3312,97.1838,95.239,95.5311,96.9389,97.2668,96.4171,97.245,99.8083,99.4511,97.5915,95.6005,99.8679,100.739,101.051,102.481,102.796,103.441,103.154,107.17,107.148,103.326,101.523,100.615,98.45,98.381,97.8927,96.1546,94.7397,92.6001,90.9578,92.6973,94.7844,93.2532,96.9519,99.8168,100.567,100.926,100.13,96.8021,95.0736,98.3013,97.2211,97.7522,94.3652,95.0193,93.4577,95.9038,94.6124,93.8684,96.2847,92.4385,
100,100.423,101.052,102.526,102.666,101.467,103.507,104.294,104.81,105.538,105.207,104.986,101.15,103.7,104.174,102.121,99.2959,99.8482,99.5926,97.9042,99.1946,95.62,95.6461,96.2672,96.8108,96.9946,99.614,96.2099,94.9218,94.0815,92.2204,90.6717,91.9491,92.9379,94.2386,92.431,89.7265,86.3321,86.9436,86.0793,86.5172,85.8116,84.4352,80.647,80.2899,81.9494,82.6787,82.7443,82.5141,81.9328,81.3322,77.6731,77.982,78.617,78.2648,77.1386,77.6775,76.2762,76.8755,75.5969,76.3804,76.1534,79.8224,80.6592,78.0148,74.6511,73.2512,74.9482,78.073,77.165,78.0466,78.5981,76.4848,76.9481,76.207,78.1434,78.9797,77.6834,74.1225,75.1816,72.0198,72.9156,73.1741,71.7659,73.0775,73.6265,72.0549,73.6309,72.7153,73.4672,72.7785,72.1356,72.0859,70.6884,72.432,71.9448,71.7602,71.9183,69.861,70.5897,
100,100.497,97.6915,98.9769,96.7071,93.7377,93.4154,94.2402,94.3077,94.4333,99.0604,98.2419,96.5629,97.4131,96.7793,96.1836,94.0399,94.9358,92.8665,93.731,91.7609,92.727,91.228,91.7878,90.9532,89.5816,87.8662,89.1989,91.279,90.8415,90.1339,92.8362,97.0277,97.0235,94.793,95.1173,93.7167,92.3034,88.5897,88.7011,87.133,88.8214,89.308,90.9552,89.9674,90.4065,90.9318,94.2694,91.2332,90.0272,89.7045,90.6613,91.3616,91.0619,92.1026,91.7453,90.0355,88.8208,89.109,87.6397,86.4341,86.6845,84.3432,85.9921,85.3578,87.9199,86.0024,87.7826,86.0119,86.0948,89.3958,89.15,88.1343,88.3482,86.94,91.7447,90.0536,91.2699,90.8845,92.5104,92.9528,94.2192,92.8453,92.9803,92.8037,91.91,91.1404,89.6849,89.1135,86.1339,84.1789,83.1883,82.469,84.1722,82.429,81.1794,81.148,82.1806,83.4033,81.9744,
100,102.147,101.991,99.0951,98.4755,98.72,97.0341,94.8996,95.8296,94.5167,94.6717,97.085,97.855,97.1105,98.5563,97.1545,94.8866,95.2068,94.9076,91.9767,89.2092,89.0693,87.1728,85.7256,84.8068,81.0387,83.5183,83.9724,84.5843,87.9526,85.5681,87.0839,89.8232,89.3441,89.0132,87.5376,87.142,85.5474,87.7158,87.3114,86.7195,87.6408,86.1309,87.4484,88.3755,91.8278,90.8933,87.9326,88.291,87.7146,86.1067,86.5715,86.2894,89.6725,90.0878,89.5329,88.4651,90.6965,90.6004,89.8613,92.5151,90.531,89.6126,89.3668,88.025,91.7904,93.0271,92.7459,92.9119,93.1885,96.8364,94.9422,96.3953,96.347,97.1073,92.6857,92.0613,93.0072,93.2259,98.0179,101.761,104.484,102.653,102.059,101.652,100.986,102.801,103.422,102.044,99.26,100.032,99.8518,100.782,102.507,100.084,99.9094,97.0803,96.1307,98.9022,99.5882,
100,101.41,99.3597,97.3365,97.0964,93.8656,95.4398,95.9641,96.1329,95.4407,98.4095,98.7628,101.742,100.269,99.1144,95.6844,96.7679,94.1537,93.522,92.7299,92.8895,97.6369,96.278,94.407,93.8575,94.6431,94.1239,92.6068,90.6575,86.9426,88.687,89.6522,89.5373,90.245,93.4378,92.7348,91.4682,91.0437,94.0354,93.6125,94.5476,95.8692,94.4385,92.9636,93.7588,94.7885,93.9949,92.7343,94.8816,95.9482,96.8249,99.3057,98.196,98.7687,96.6779,97.9238,101.475,101.182,103.366,101.103,100.223,101.375,100.84,103.187,103.764,104.82,102.357,104.081,102.868,102.406,106.655,106.694,107.111,104.69,102.964,100.154,101.183,99.5195,99.746,101.131,101.604,99.1464,101.173,103.432,101.142,96.0136,96.4989,102.167,103.464,103.458,107.684,105.831,107.635,105.898,107.155,105.54,106.913,105.23,107.828,108.779,
100,98.5389,100.899,102.671,101.936,105.701,108.944,106.089,105.001,105.748,107.163,108.351,108.757,108.062,107.171,108.965,110.272,114.322,114.93,113.592,114.612,111.854,107.862,110.241,110.437,108.454,106.942,107.639,102.448,104.804,106.029,104.07,105.681,104.379,104.99,103.152,102.457,99.5048,97.6453,96.4582,95.5959,94.6412,94.8909,92.244,94.0351,94.9483,92.5042,90.759,87.4703,86.3224,88.1082,90.458,88.711,90.3237,90.5954,88.8293,85.0285,84.9579,83.3943,81.7669,82.3699,81.0714,79.7485,78.3999,81.1818,81.0919,81.3692,81.932,82.7409,84.2326,85.5583,85.3915,85.3351,86.5372,89.0033,92.1979,90.7132,91.673,91.1555,91.8905,93.615,92.7036,91.6725,94.1474,94.7812,94.1177,92.2519,94.2171,97.2032,97.8267,96.3859,98.6539,98.1093,99.9892,97.4078,95.3214,92.0763,90.7911,91.6128,89.1518,
100,102.657,102.985,104.721,107.308,109.297,108.187,107.387,104.379,105.384,108.308,103.613,99.8681,99.8291,98.9702,99.3623,99.7628,101.036,99.0547,101.671,99.9586,102.242,99.7745,99.6998,101.794,99.461,96.2629,98.4773,97.949,95.3995,95.3931,93.1372,93.1902,95.5138,96.529,92.8858,90.8049,91.5443,90.9777,91.3452,91.8839,92.4001,91.278,89.5245,86.0721,83.9917,82.8908,82.314,83.0026,82.4459,83.853,84.7061,85.978,87.1054,85.6014,84.0697,81.6144,82.0839,78.9378,79.9629,79.1051,78.8017,79.1247,78.2266,79.6973,82.5581,83.4729,82.333,79.4266,74.9191,73.5646,71.3457,71.4721,71.0187,70.8119,73.0616,73.8116,74.3604,74.1536,71.0622,72.0077,69.9359,69.4836,69.4399,69.5942,69.2681,69.1281,69.7117,70.1396,69.2503,68.1568,68.0946,68.4148,69.1951,69.5889,68.8569,69.3118,68.0061,67.6787,69.1094,
100,100.041,103.984,104.715,105.135,104.259,104.726,103.797,105.266,105.795,107.004,107.893,109.096,107.451,107.229,106.985,110.127,112.264,108.413,110.179,106.28,106.525,104.122,103.211,102.798,105.174,106.433,106.651,106.592,104.802,106.261,103.182,103.939,104.192,107.42,104.561,105.243,109.947,111.923,112.351,109.877,114.821,117.083,114.615,116.526,116.631,115.192,112.417,111.327,113.54,117.025,118.625,118.857,122.148,125.662,130.307,127.025,130.706,133.009,132.988,131.451,127.697,129.627,132.017,131.7,131.992,131.994,129.851,129.721,130.662,127.72,124.495,128.013,127.597,127.922,127.919,130.664,132.211,135.2,137.569,132.028,133.092,132.651,135.353,130.199,128.278,128.34,129.582,127.585,125.397,121.23,119.687,123.256,120.196,119.977,120.631,122.946,121.721,123.216,122.827,
100,100.788,103.397,105.098,104.229,106.561,106.779,109.514,110.826,113.971,114.766,113.606,116.124,118.205,118.153,118.004,121.651,120.859,121.845,119.984,120.358,121.551,121.277,118.132,119.563,119.663,122.094,120.216,120.382,124.386,127.87,128.98,131.11,128.988,130.637,135.987,136.907,133.879,135.08,133.46,135.489,141.517,137.302,135.7,132.724,131.322,132.557,133.845,134.72,132.044,128.205,124.024,127.06,128.96,126.829,128.472,130.624,127.996,127.948,127.23,127.071,127.499,123.568,119.613,122.158,121.01,119.452,115.977,115.286,118.6,119.75,119.809,117.501,115.832,118.535,121.572,123.297,121.979,125.625,131.083,130.936,127.519,127.888,127.282,127.106,128.647,124.149,126.389,130.694,134.31,135.425,135.838,138.035,140.503,140.184,134.79,138.396,139.564,140.82,140.309,
100,102.785,103.02,102.86,101.78,100.755,98.2992,96.7324,97.4662,99.295,101.374,101.434,99.7673,104.745,105.526,104.246,106.071,107.636,106.181,104.093,107.11,106.575,109.605,111.912,113.319,111.321,109.725,110.191,110.556,108.259,106.134,105.332,105.3,106.507,111.956,114.872,114.416,112.729,112.251,111.226,114.396,117.227,119.655,119.241,118.429,117.163,113.531,115.682,115.207,113.905,112.954,113.736,118.022,119.488,122.648,125.393,125.09,126.246,126.743,128.778,133.391,132.647,135.888,135.163,133.976,134.971,133.333,128.573,128.167,126.674,125.523,124.705,120.084,124.706,130.331,128.841,128.509,129.348,130.82,127.58,126.885,125.794,124.642,121.789,119.568,116.112,120.046,116.334,118.634,122.053,122.796,120.477,119.392,117.667,119.012,121.893,123.476,124.334,129.076,132.902,
100,101.974,101.572,97.1302,99.3455,101.449,102.458,103.042,104.251,103.431,103.254,104.439,102.506,100.686,102.235,98.4787,98.7659,94.6295,97.5889,96.5687,97.3594,96.2232,92.3895,93.2734,93.4068,93.5322,92.0712,91.6288,90.8104,93.7861,94.0156,94.0822,94.8908,99.0971,98.0697,96.0055,94.4717,94.8959,97.761,97.4195,98.0272,96.1934,99.4128,95.364,92.9593,90.7569,90.5479,89.5056,92.176,90.9503,90.6737,91.5286,91.7955,90.2559,89.8531,89.902,89.2035,86.903,88.7438,87.4405,84.6761,82.9776,80.9662,80.1322,79.8942,77.8707,78.4602,79.2081,80.6731,81.124,79.832,80.2658,79.3016,79.8043,82.2842,81.8825,80.3077,83.4472,85.5347,85.4416,83.6162,86.3446,86.0566,86.1794,85.0616,84.0196,85.4045,83.9388,87.4616,87.9515,84.5732,83.2871,84.5667,83.0895,83.0517,81.137,82.6306,83.2138,81.5019,84.3205,
100,99.9712,102.009,102.499,103.466,102.133,102.593,100.09,100.202,100.156,102.17,103.688,103.888,106.977,104.172,101.057,104.432,107.401,110.285,108.336,109.122,108.354,104.248,106.961,106.792,104.069,102.599,105.026,103.075,100.328,100.003,97.2287,96.3624,99.2968,98.6417,98.8144,90.6926,88.3173,88.6595,89.6986,88.2068,91.0904,93.6558,93.1604,91.009,90.4776,88.6973,85.4475,85.361,82.6482,84.2185,81.9568,83.501,80.8766,83.3542,81.6384,82.5477,83.4944,84.3153,85.1138,84.367,85.2352,85.0553,83.7032,87.6114,89.3988,90.438,90.0814,88.5659,88.9797,85.8015,90.2796,90.4495,90.1271,89.9935,96.1908,96.6498,95.1489,96.0929,93.6659,94.5491,94.1136,96.4137,94.5321,94.9864,94.689,94.3056,97.3791,96.8455,99.3522,102.458,102.507,105.632,102.711,104.184,104.833,106.713,106.685,104.517,105.336,
